id,platform,text,label_binary,split
H000,tieba,"""恶性踢裆犯规，这种人就应该永久禁赛""""格斗""""ufc""""ONE冠军赛",1,val
H001,tieba,**什么都要男的干女的活着干什么,1,train
H002,tieba,“不仇女未必能让女拳消失，但是仇女一定不能让女拳消失，甚至会反向壮大女拳”中华大地压迫了女性几千年，也没有出现过女拳这种物种，可见女拳也不是仇女壮大出来的，而是平权放任出来的,0,train
H003,tieba,lz你没看完原贴，原贴还说这女的有精神类疾病。判四个月，这会儿已经放出来继续祸害了,0,train
H004,tieba,阿哲，好像陈浩民张卫健吴彦祖古天乐尹正他们的帅我挺欣赏的，至于现在的娘炮，对不起那些女拳拿这些娘炮当例子还说人家嫉妒，真是笑大牙了,1,train
H005,tieba,别，黑的血肉我想想都恶心,1,train
H006,tieba,别故意挑起吧友仇恨对抗，你嫁黑人就算了，别怂恿别的女孩和黑人谈恋爱,1,train
H007,tieba,不是说在意的只是态度吗？这态度不是有了吗？为啥还被骂？,0,train
H008,tieba,吃饭也是人的弱点，要不咱饭也别吃了？,0,train
H009,tieba,此人品行恶劣，但一个人不能代表几十亿人。,1,train
H010,tieba,答案是殴打，是殴打！,1,train
H011,tieba,抖音可能是视频推荐的问题，看到的大多数视频要么是劝女性清醒的，要么是喷她们的。总之男性起码55开,1,val
H012,tieba,饭桶皆深柜，不敢直面自己的内心,1,train
H013,tieba,复印还得是你们txl厉害，搁知乎上一复制来这一粘贴就把正常人的智商否定了，就那两个赞的文章谁信谁才智商有问题,0,train
H014,tieba,尬黑，意思是韩女正常哺乳都不行吗？,1,train
H015,tieba,给爷笑乐了，逻辑谬误一堆。1.诉诸人身，看不到皇帝的新衣就是因为你蠢。2.性别虚无主义的不当类比，否认了性别的自然性，说什么公马公牛也是男的。3.自相矛盾，否认了性别的自然性后，可是却又在论据中加入“男性的大脑理性能力强”，而大脑的物质基础乃是自然性。4.丝毫不懂哲学，且非要轻率概括。道家中老子的《道德经》不是唯理主义吗？为何到了他这里就成了都是经验主义？5.滑坡谬误，每个论据都被夸张说明，且最后逻辑狗屁不通。,1,val
H016,tieba,归根究底，广大普通女性若是靠近普信男，会不幸。这是最正确的结论。,1,val
H017,tieba,国内女性想要反抗男权压迫最好的方法就是做子宫摘除手术。这种手术能帮你鉴别你的男朋友是爱你还是拿你当生育工具。祝中国女性早日摆脱男权压迫。我现在就希望中国女性放过中国男性，不要变喝血边骂了。你们直接做子宫摘除手术，不就可以远离男权的生育机器化吗？,0,train
H018,tieba,与时俱进嘛，成长了,0,train
H019,tieba,赚流量而已,0,train
H020,tieba,描述太温柔了,0,train
H021,tieba,很讨厌他们学校,0,train
H022,tieba,记得看过一本隐喻黑人的悬疑小说，揭示了黑人的丑恶嘴脸，主角好像叫肖万来着，还是肖旺,0,train
H023,tieba,既然有人搭台，你为何不上去唱戏？借假人夺真利，不是美事一桩？,1,train
H024,tieba,看到你这帖子，确定你就是***媚嘿奴隶了,0,train
H025,tieba,看来同性恋只知道污蔑他人了,1,train
H026,tieba,看了几天帖子，反同人士除了通篇常见的几句‘txl不正常’类似的话，具体措施，如何实施，实施所需占用的社会资源，实施成效等，都没看见你们有什么想法呢。饭桶就只是口头上的吗，让我很失望。,1,train
H027,tieba,可能因为是鸡汤吧，向着男性说话的，或许会叫鸭汤。能毒死鸡的汤当然就是毒鸡汤咯。,1,train
H028,tieba,老外很老，一般发育早，在它家乡可能有老婆孩子了。20多岁相当于人类30、40岁夹你，你别回复评论。永远也改不了黑猩猩劣质人的性质。全世界都不欢迎黑，即是到了美国政治正确的国家，也不要你们，马上遣返回老窝。,1,val
H029,tieba,连说说也不准？黑吹好猖獗,1,val
H030,tieba,满口空话从来不拿出证据。除了意淫就是意淫,1,train
H031,tieba,盲目移民很正常？欧洲都深受其害，禁止移民难民,1,val
H032,tieba,没脑子容易被洗脑。美颜效果和视频把自己修图成美女，然后认为自己就是这么美想想就是什么货色,1,train
H033,tieba,姆??老是先开团，真的可怜，没事就骂男性。,1,train
H034,tieba,幕刃应该把他自己和女性割裂开,1,train
H035,tieba,那个机器到底是为了让男人体谅女人，还是为了一群智障猎奇？这是个重要的问题……,1,val
H036,tieba,男权吧老哥们还是比较理智哦，这要是男的发女权吧，可能已经让骂死了,1,train
H037,tieba,男人就该尊重女性,0,train
H038,tieba,男人是被社会上层打压的奴隶，而女人只是奴隶的仆人，这就很有意思了，男人总是抱怨社会的制度，女人总是抱怨男人占有了她的权利。现在所谓的新时代女性，不过是想从奴隶的仆人位置中跳脱出来，想和男人一起做奴隶。等到新时代女人完全有了和男人差不多的权利，女人也会和男人一样抱怨社会制度。毕竟阶级上层控制着奴隶，制定规则和掌握着奴隶们的资料，下层的奴隶只能遵守规则活活被剥削，上层贵族在享受生活，下层奴隶在受苦受难。,0,train
H039,tieba,男生的钱也是钱，男生的钱男生自己花！抵制舔狗，拒绝上贡！经济自主！,1,train
H040,tieba,你好像一个清朝老僵尸，在这挖坟抛尸，别恶心大伙了,0,train
H041,tieba,你们同性恋不包容反同可以拉黑对方龟缩在家里不见人见光就可以了，你们同性恋不需要来这个吧，有拉黑功能可以让你们逃避现实活在自己的世界里。同性恋太丢脸太恶心了一定要拉黑回避正常人。反同是正常的逃不逃避拉不拉黑你们也是正常的但你们同性恋是不正常的不能见人见光所以需要拉黑我们反同才能逃避现实活在自己的世界里。,1,train
H042,tieba,你凭什么假定这位男士的x别？你怎么知道他不是生理上的男x，心理上的女x。照这么说的话，她应该是通讯录才对。,1,train
H043,tieba,你踏嘛的是不是觉得你的白叠就应该理所当然的在那,1,train
H044,tieba,你眼瞎啊，是没摆放标志罚款,1,train
H045,tieba,你知道吗我是女生这四个字很普通但是可以强调就很恶心你是女生怎么了？就tm好像谁不是女生的似的你是女生怎么了？你就高级有特权呗？傻逼,1,train
H046,tieba,您如此高傲的挑衅全体人民的行为可真是让人始料未及呢,0,train
H047,tieba,奴隶姐，你又来啦？,1,train
H048,tieba,努力蛆被嘿玩意骗后，身染艾病，疯狂报复同胞，看到嘿玩意犯罪强力证据后经常装瞎，一有说嘿玩意不好的就神经错乱强行狡辩，吧友从没把它当回事,0,val
H049,tieba,女人因为生理因素比男人劣等，什么时候她们才能接受这一点看看残酷的现实吧,1,train
H050,tieba,凭什么女的能扭男的就不行,1,train
H051,tieba,破坏中非友谊，把你抓起来,1,train
H052,tieba,让她生下来，在分，不要说残忍，女人背着你跟别人的时候从不想这些。,1,train
H053,tieba,人家发个表白墙碍着打拳什么事了？现在大学里男生果然变态很多呀，还偷拍别人，建议报警,1,val
H054,tieba,杀不尽的舔?,1,train
H055,tieba,杀了人还嬉皮笑脸，可见这人心里极其残忍。,1,train
H056,tieba,山东的名声彻底被这些高校领导给搞臭了，而且至今仍不知悔改，可悲,1,train
H057,tieba,什么女用洗衣机，这就把我的臭袜子塞进去,1,train
H058,tieba,生下来做个鉴定就好了，不怕一万，就怕万一。怕的就是乌龙做了坏人,1,train
H059,tieba,圣母不会认识到自己坚持的观点有多么荒谬的。到时候圣母还是会指责我们不善待黑大爷，没有给黑大爷更多的权利以及超国民待遇才会导致它们闹分裂。,1,train
H060,tieba,事实就是这样，很多女人天天被家暴，被揍得鼻青脸肿什么似的，到处抱怨自己的不幸，但就是不离婚，反过来被男的捧在手心娇着惯着的每天就各种不满说男的不好动不动闹离婚还对男的上演家庭暴力。这就是?,1,train
H061,tieba,首先我们应该先搞清楚通讯录骗婚的目的。有很多通讯录宣传说同性恋骗婚都是被父母逼的。这根本是错误的。因为现在的经济制度下，社会结婚率每况愈下，都快成为社会问题了。这说明外部的结婚压力已经没有大到必须要骗婚的程度了。这说明通讯录骗婚不是被父母逼的，而是其本身有生殖的欲望，又怎么能说同通讯录骗婚是被父母逼的呢？只要代运没有合法化，通讯录为了其本身的生殖欲望而进行的骗婚就不会停止。而代运作为一种对女性的物化是具有很大的弊端的，怎么可能随便通过？且通讯录是否是正常的，其成因到底是什么都没有一个结果。又怎能随意给其养育孩子的权利？而且即使通讯录是正常的，就拿他们庞大的基数来说哪来那么多人给他们代孕？比起骗婚问题代孕问题更加重要。想通过代孕来解决骗婚不过是从一个小问题变成了一个大问题。与其通过妥协来解决骗婚问题倒不如解决通讯录本身，通过限制通讯录宣传，加强对通讯录的监督，自然能够解决骗婚问题。而不是本末倒置的去允许其获得更大的社会权益，进而增加更多的社会矛盾。,1,train
H062,tieba,所谓“女生文科强，男生理科强”的刻板印象是咋出来的？我就特别的偏理科,1,train
H063,tieba,谈恋爱也就算了，找老婆还找强势脾气的纯属自杀,1,train
H064,tieba,提议女方婚前支付五年个人收入做彩礼，不然女性不懂珍惜婚姻,1,train
H065,tieba,贴吧分吧，不同的吧有不同的氛围。而且贴吧一般不火的吧你也刷不到。贴吧其实是最容易报团的，但是感觉反倒男性势力较弱。除了个别男性吧外，很难在别的涉及男女问题上男性的反抗,1,val
H066,tieba,停下吧，快停一下吧，让智商回来。反同到底有什么意义？反同是因为什么？你们真的有想清楚吗？说什么啊，这是不孝，那是人家的家事，关你何事？说什么欺骗他人，欺骗他人的是个人，不是群体，搞清楚一点。到处网暴别人，我觉得主要原因就是因为你们现实生活过得不好，所以才要去网暴那些其他过得比你们更不好的人。,1,train
H067,tieba,我就是女的，我讨厌杨笠,0,train
H068,tieba,现在年轻人为了结婚，买房，买车，养孩子，掏空家里全部积蓄，阶级的固化让年轻人上升空间变的越来越小，大部分人都碌碌无为一辈子，生活压力巨大，越大型的城市压力越大，重压之下人本能的就会逃避，会不会变成日本那样，年轻人选择佛系生活，轻轻松松过一辈子。,0,val
H069,tieba,植物也会开花结果，你们同性恋的爱有什么结果？结果是艾滋。同性恋有什么爱情结晶？爱情结晶是hiv药。同性恋同婚有什么意义？意义就是互相传播艾滋上天堂,0,train
H070,tieba,抓虫大战，人人有责,0,train
H071,tieba,呼叫腕豪！,0,train
H072,tieba,好幸福，喜翻儿喜翻儿,0,train
H073,tieba,说明一下，我只关爱自己身边的女性，比如老婆女儿等，别的女人关我鸟事。v,0,train
H074,tieba,应该多科普,0,train
H075,tieba,猪猪挺可爱的,0,train
H076,tieba,感谢的太早了吧！多希望莆田的欧某死之前知道人间是有温度的。,0,train
H077,tieba,这样的假设，现实中并不存在或极端罕见,0,train
H078,tieba,吧主是重庆的啊，你们那儿也算是重灾区了吧,0,train
H079,tieba,为什么要管啊，这是人家私事吧，求救了吗再说你这两张图?都看到好久的贴了,0,train
H080,tieba,上海朱家角,0,val
H081,tieba,当时那个清华腚后面看监控也反转了，所以别去信小作文,0,train
H082,tieba,中国用不了多久稳稳立于公交车行业中心，做公交车龙头企业，坚持做到一车多用，多车一用，废旧公交车循环再利用，做到每一辆车都充分利用，公交车行业必定立足于世界中心,0,train
H083,tieba,工业化？农业化！,0,train
H084,tieba,动物一胎生的数量大，注定竞争更激烈,0,train
H085,tieba,呃呃什么大代表?,0,train
H086,tieba,你要的证据来咯。毕竟我们不会乱造谣别人,0,train
H087,tieba,如题，谁去接一下这个拳法,0,val
H088,tieba,玩了孤岛惊魂再看这个帖子只能说真的太味了,0,val
H089,tieba,哈哈，好可怜,0,train
H090,tieba,我还是觉得保加利亚妖王顺眼多了,0,val
H091,tieba,日本为何分区实行，不一起呢,0,val
H092,tieba,被屏蔽了？,0,val
H093,tieba,反变态吧吧名简洁明了，一看就懂,0,train
H094,tieba,无论是有话可说，还是无话可说，遇到这类相亲对象，迅速抽身才是最佳的选择。不要恋战，更不要试图纠正对方错误的地方，因为这只会让你感觉到更加的无奈。毕竟一个人普且信是长久以来对自我的认知，不是你三言两语就能够让他认识到问题所在。与其在没有意义的事情上浪费时间，不如和更有意思的人结识。事实上，普通且自信，不是只有男性，女性也有，这无关于性别，而且一个人对自我认知的误解。,0,val
H095,tieba,喜欢我香香酱嘛,0,train
H096,tieba,图灵还要什么争议？帮助祖国和世界战胜了法西斯，然后却被自己的祖国迫害，悲剧自杀，图灵是反同碰不得的,0,train
H097,tieba,我男的，我去女权吧发过言，评论被秒删并被禁言，我想知道男权吧为什么不这样做,0,train
H098,tieba,世界卫生组织周三建议男同性恋者及双性恋男性限制其性伴侣的数量，以避免自身感染猴痘及帮助降低该病毒的传播速度。世卫组织猴痘专家罗莎蒙德·刘易斯表示，男男性行为群体目前有着最高的猴痘病毒感染率。目前的感染案例中，有99%的感染者为男性，这些患者中又有95%发生过男男性行为。,0,val
H099,tieba,论豪腕的重要性,0,train
H100,xhs,可以的 现在流行猴系长相,1,train
H101,xhs,比那个谁还像自行车座位哈哈哈哈哈哈哈哈哈哈哈哈哈,1,train
H102,xhs,悄悄说其实我觉得马思唯前女友和她是同一种赛道的 人家现在都混到娱乐圈里了 再看看咱奶,1,train
H103,xhs,她说过想唱不一样的歌想表达不一样的心情感受  以为自己会是另类 没想到不伦不类  想学欧美范 比如miley cyrus 可人家是有创作能力的 有实力另类的,1,train
H104,xhs,早点发好了，斯皮尔伯格看到你不用做特效了,1,train
H105,xhs,可以 跟那个十袋少年团的队长挺像的。,1,val
H106,xhs,小红书还是太先进了，都能看到火星人艺考了,1,train
H107,xhs,可以演真正的外星人 这种角色稀缺你肯定能考上,1,train
H108,xhs,bro脸部已经成为胶头滴管了，可以转战篮球区了,1,train
H109,xhs,我知道！可以演三体2,1,train
H110,xhs,以前是专门有人给她搭配的，后来没了就回归了电动车穿搭,1,val
H111,xhs,可以把头掰下来给我当吉他拨片用一下吗，全弄丢了新买的在路上，这个头真的太合适了,1,train
H112,xhs,艺考外星物种第一人，前途绝对对大大滴好,1,val
H113,xhs,华晨宇最起码有原创的几首歌蛮好听的哈哈哈，这个是啥啊，她自己原创的歌至今没有破圈过,1,train
H114,xhs,按今年春晚机器人的出镜率来说你这样绝对很吃香啊,1,train
H115,xhs,在外星人里也算个美男子,1,train
H116,xhs,三妹哦 外星人哦,1,train
H117,xhs,我觉得你适合去重庆某个神秘地方，那里有你的同类,1,train
H118,xhs,演残障儿童长大后的样子很合适，是特型演员,1,train
H119,xhs,你说的太对了哈哈哈哈，有人扒她视频，发现她是个过敏专业户,1,train
H120,xhs,以后演星际片肯定很抢手,1,val
H121,xhs,原来交大运的运是好孕的孕啊[超喜欢R],1,train
H122,xhs,如果是外星人艺考有机会的,1,val
H123,xhs,建议进击演艺圈。演熊出没那个瘦的反派,1,val
H124,xhs,很喜欢现在小红书的氛围，外星人也可以畅所欲言,1,train
H125,xhs,可以的。可以演很多特型角色。,1,train
H126,xhs,可以的，折叠度无敌，就是五官中的嘴巴需要缩小，鼻子需要扩宽，好奇你们星球是用耳朵后面的鳃呼吸吗,1,train
H127,xhs,哥们你长这样上春晚啊，机器人的节目你都能当替身哈哈哈哈哈哈,1,train
H128,xhs,其实很可以，可以当特殊演员,1,train
H129,xhs,他就是一米六左右，他说了他的短期目标是长到170，医学奇迹,1,train
H130,xhs,吃香的，真人版外星人??,1,train
H131,xhs,P成车座子狗了就是那个灵缇拟人化了哈哈,1,train
H132,xhs,哈哈哈哈宝你好可爱！我去陕西旅游过，山美水美人好美食多！是还想再去的地方～ 对了，田小草就别去了，就在家呆着吧，她去哪都不配。,1,train
H133,xhs,可以，以后专门演青铜器拟人,1,train
H134,xhs,瓜子脸啊，瓜子挺好吃的,1,train
H135,xhs,这个长相可以吃香蕉,1,train
H136,xhs,挺帅的，兄弟你参加哪个星球的艺考啊,1,train
H137,xhs,我的妈呀，女版华晨宇,1,train
H138,xhs,香的博主，现在航天发展快，你可以拍外星交流片,1,train
H139,xhs,美国有个叫51区的艺校听说偏好这种特长生,1,train
H140,xhs,哈哈哈哈哈哈直接外星人长相,1,val
H141,xhs,英子感觉也很奇怪[完啦R]，就是感觉她想擦边但是她脸和身材让人没法相信在擦边,1,train
H142,xhs,是在cos哈利波特里的多比吗好像啊,1,train
H143,xhs,哈哈哈，为什么要给自己P成墨西哥玉米片,1,val
H144,xhs,bro皮燕子比我用了十年的皮筋还松,1,val
H145,xhs,她在演日本那个女鬼？[尬住R]  但是 y1s1，曲调比之前的版本听着和谐一些，就是这个舞美…,1,val
H146,xhs,就这还国家级演员 哈哈哈哈,1,train
H147,xhs,可以，演et不用化妆的程度[嘻嘻R],1,train
H148,xhs,外星人走艺考很有特色的,1,train
H149,xhs,这个长相外星艺考应该挺吃香的,1,train
H150,xhs,ai真恶心,0,train
H151,xhs,ai生成就是小偷,0,train
H152,xhs,老早之前就在抵制了，压根没用，全是侵权，国内是真的不尊重版权艺术设计绘画都融烂了。一堆人还洗,0,train
H153,xhs,不受法律约束的ai只是一个资本用来剥削普通人的利器，我不讨厌ai，但我必须抵制利用ai侵权的资本以及其产生的附带产品，为我自己，顺便也为他人。,0,train
H154,xhs,真服了想要数据就自己弄，凭什么盗用别人的？这群小偷。你就看你发哪个平台了，哪个平台发的，哪个平台打包卖的。不可能随随便便的把你的东西投进去，你肯定是哪个平台卖的，,0,train
H155,xhs,最惨的就是普通人了，不仅要被ai盗用，安排的还基本都是恶臭坏角色,0,train
H156,xhs,建议禁ai，现在ai好恐怖，长相和声音都ai,0,train
H157,xhs,17.喜欢我不是很正常吗 我丑陋又恶毒 又很会搞抽象 又不正经又没爱心 又没丝毫上进心 试问 谁能抵挡住我的魅力啊,0,train
H158,xhs,偷脸 偷设计 偷声带 偷心血 偷孩子（oc）就这样发展吗 那很有道德感了不觉得这所谓的风口很可怕吗 版权意识为负 这不是投喂ai 是侵占和窃取,0,train
H159,xhs,哈哈哈哈怎么骂人还ln不分,0,train
H160,xhs,ai刚出来的时候，绘画领域的人都在抵制，就是因为生成出来的根本就不是他自己的东西，是偷了别人东西融出来新的。现在侵权到普通人身上，大家才发现这个东西本来就是很严重的侵权。最早一批在抵制的人，还是一直在被嘲讽被进步了替代了，现在这个东西到了众人身上，大家才反应过来侵犯人权。,0,train
H161,xhs,抵制ai,0,train
H162,xhs,支持维权，抵制ai！,0,train
H163,xhs,狠狠告他收他钱，说实话希望有专业团队专门干这个，敲诈我都支持，不然免费的东西人家使劲白嫖，以毒攻毒才能让他们知难而退,0,train
H164,xhs,为啥对自己那么残忍,0,val
H165,xhs,支持，AI被滥用的太恐怖了,0,val
H166,xhs,有钱人都不知道穷人啥样的,0,val
H167,xhs,这就开始攻击人长相了？,0,train
H168,xhs,而且Ai偷脸造谣诈骗大家的时候就完全，今天冤枉你偷李家鸡明天引导你妈骗走一辈子钱（都可以打着艺术创作和个性化服务的慌子,0,train
H169,xhs,我们很多人一年就挣几万，日子过得紧巴巴，演员那么有钱，还敢对我们哭穷，真是太欺负我们穷人了。,0,val
H170,xhs,ai作画，ai小说，ai短剧就是盗窃，抄袭的东西，以为东拼西凑不会被告，但是早晚会被反噬,0,train
H171,xhs,仇富、变成公敌了,0,val
H172,xhs,原来是偷的，再不管都得乱套,0,train
H173,xhs,坚决抵制这种人,0,train
H174,xhs,就这个口气吗？这个表情吗？我真的接受无能，不是好不好看，是这个要吵架的口气,0,train
H175,xhs,相关部门赶紧加急立法呀[完啦R]太恐怖了，拿去违法犯罪怎么办,0,train
H176,xhs,吐槽某件事被骂专业黑怎么办,0,train
H177,xhs,支持维权，我们的“科技进步党”在偷人心血几年后终于开始真正的啖食血肉了。以后搞诈骗的算享福了，ai偷人脸拿去骗就行，等视频生成速度加快，我们的人脸识别也有法子破解了未来都不用做保健品了,0,train
H178,xhs,这么有钱？,0,train
H179,xhs,作为许昌的胖东来，现在成了中国人的胖东来。我们许昌人都进不去，全中国多少人拿着放大镜来挑刺一个我们本土的超市，她也来凑热闹，抹黑，太气人了,0,train
H180,xhs,前段时间还只是偷明星脸，没想到这么快就开始偷素人的脸了,0,train
H181,xhs,商家永远别跟买家说实话，无奸不商,0,train
H182,xhs,这社会，太扯了,0,train
H183,xhs,富的流油了，还哭穷！ 穷人太苦了，富人太……,0,train
H184,xhs,别给我推她们了 当现在“观众”那么好骗呢,0,train
H185,xhs,au 就是给了这些人随意偷窃别人知识产权甚至长相的机会,0,val
H186,xhs,AI偷脸不行，车企偷工减料更不行，买车得看真材实料。,0,train
H187,xhs,支持维权，支持立法，无法容忍ai融人脸和融合别人的画，这叫强盗，不叫创作！,0,train
H188,xhs,支持维权！！必须抵制这种AI乱象！！,0,train
H189,xhs,这么说的话 贫穷的我算什么玩意  究极贫困,0,val
H190,xhs,这个现象不解决，以后想搞垮诬陷一个明星那可太容易了，光是营销号恶意剪辑就已经不得了了，AI火上浇油生成一个“铁证”。。,0,val
H191,xhs,你好，你会骂人吗，我需要回怼别人,0,train
H192,xhs,地域歧视咋怼啊,0,train
H193,xhs,让它闹，有证据又怎么样？还能把你关进监狱里不成，你要在战略上蔑视他，对它不用那么讲客气，要啥证据啊。,0,train
H194,xhs,AI太恐怖了,0,train
H195,xhs,以后ai.造假一段视频，告诉你哪哪出什么不好的事了，舆论引导一下，又得民怨沸腾。要不就真事然后告诉你是ai。这东西就是潘多拉魔盒。打开了就关不上的,0,val
H196,xhs,不是拿ai贬低我喜欢的画手 拿ai侵权嘲我喜欢的配音演员维权小题大做的时候了“没有嘲贴主的意思，感慨一下终于有更多人抵制这无良ai了”,0,train
H197,xhs,抵制明星带货,0,train
H198,xhs,求寝室周围总有人吵怎么骂,0,val
H199,xhs,被人在评论区说嗦吧唧最狠了怎么回怼,0,train
H200,zhihu,那些小仙女最喜欢非洲酋长的公子哥们了，还喜欢主动献身倒贴??,1,train
H201,zhihu,easy girl嘛，都有专有名字了，可想这情况有多严重，虽然白人是主力，但黑人也能喝点汤,1,train
H202,zhihu,我们小区也有个金发碧眼的小萝莉 家长们都挺喜欢的 因为真的长的超级可爱 活像洋娃娃 而且人家父母都是高知分子 但是对那个没爹的混血小黑态度就不一样了??,1,val
H203,zhihu,用粤语屌他啊 小北那边也很多黑人 我经常用粤语屌他们,1,train
H204,zhihu,哈哈你看看自己说的是什么破玩意，先学学语文吧??,1,val
H205,zhihu,估计已经成了非洲某部落的第36号王妃,1,train
H206,zhihu,河南新疆回族人。。。。。。。。就真的没有一点办法了，，，3头不是人。。。哈哈哈哈哈,1,train
H207,zhihu,法国觉得你说的很赞??，还有中国那些没有爹的小黑也觉得??,1,val
H208,zhihu,别再问孩子的爸爸是谁，爸爸是在这个迪厅认识的，孩子是在这个迪厅怀上的，这个孩子就是大家的孩子，抓好脐带妈妈要开始蹦了……,1,train
H209,zhihu,现在笑话哥布林，以后这些哥布林就要霍霍我华夏大地了??，所以在恋爱阶段还是争取清出国门，留下的哥布林也争取抹杀掉,1,train
H210,zhihu,这是一个光荣的事情，请大胆的向你的家人，同学，朋友告知，并且通过微信、微博、抖音宣传，让他们都知道你有个黑色的玩伴！,1,train
H211,zhihu,北京天津那么多南方要饭的看不见啊,1,val
H212,zhihu,祝你成为人尽皆知的接盘侠,1,train
H213,zhihu,近代历史基本都是讲南方的，辛亥革命，清政府被推翻，两党建立，北伐军统一军阀。据我所知只有一个地方的人自卑的很，连张学良都能吹成“民族英雄”，毛和周当年最多就是看到张对党有贡献夸他一个民族英雄罢了。从人民角度来说，张在“江桥抗战”发了一个电报给马占山这个土匪自己带领的军队死守东北，自己却不支援。蒋张实属一丘之貉，一个民族罪人一个罪人,1,train
H214,zhihu,当然是特例，一般偷偷摸摸最多自己组小圈子玩，大部分普通女孩生怕被误会都不敢跟这些以前的小姐妹来往。。。敢跟嘿贵一起的肯定都是为爱不顾一切的，这个跟学历无关。反而家庭条件差的会更多看中物质，流水线女工不会欣赏他的甜言蜜语，她们对能不能开车接送会更有兴趣。就是少才稀奇，竟然有为抢嘿贵在学校门口打起来的。,1,train
H215,zhihu,无耻的学校领导，也不为自己后代积点阴德,1,train
H216,zhihu,没么的癨还给人解答呢，也配？回坑里和猪96去吧????,1,train
H217,zhihu,讲个笑话，这边有人讨外地媳妇，四川的都没人说什么，安徽的背地里要被冷嘲热讽死,1,train
H218,zhihu,话说回来你又能拿同性恋怎么样呢？？有本事使劲弄s他们啊。几千万个，慢慢来。反正对于你这种以强凌弱的，也就这些本事这种心胸了。,1,train
H219,zhihu,你们东北人最自卑了,1,train
H220,zhihu,值得批判！我不明白为什么人种没有生殖隔离呢？爱美之心人皆有之！一白遮百丑！美白，美白，美听说过美黑的。没见过黑人去选美的。,1,val
H221,zhihu,这种÷剩都懒得说它们省的龌蹉事,1,train
H222,zhihu,之前在哪听过一嘴，说杂交的不如纯种的好，还会弄出很多奇怪的病，智商还会迭代变低，这是真的吗？？,1,train
H223,zhihu,要是这些人不再祸害别人，那我倒是觉得挺好的，基因选择嘛，聪明人活下来，傻得慢慢就消失了,1,train
H224,zhihu,不跟他们接触就是最好的，都烦他们不是没有原因。,1,train
H225,zhihu,找黑人作男朋友的女生真的应该好好调查，踩雷机会太大，珍惜自己，善待亲人。,1,train
H226,zhihu,现在大多数中国女性是整个国家的负担,1,train
H227,zhihu,你好棒棒呀 知道的真多你家那片还有井盖吗,1,train
H228,zhihu,浙江。。。八山一水一分田 改开前穷的排队去江西要饭的历史是忘了。1978年杭州GDP不如唐山。不知道哪来的什么自古富裕。就算现在，也就是一堆破厂子而已 有点小土豪 没什么文化，受教育程度全国倒数。直辖市谁看得上他们啊HH,1,train
H229,zhihu,经典，某某地全是鸡??这种人什么成分不用多说,1,val
H230,zhihu,中国女人只要跟H人结婚，在F洲待上几年，她感染艾滋病的概率基本上100%，因为H人特殊的社会文化。她的老公会去找好几个本地女朋友，然后这些本地女朋友也会有好几个男朋友。就像一张网一样。这就是他们这些国家艾滋病感染率30%-50%的原因。,1,val
H231,zhihu,黑人的好人大多在电影里，坏人在现实中。,1,train
H232,zhihu,哈哈哈 你是揣着明白装糊涂吗 有不少媚黑女嘲笑国男几把小呢,1,train
H233,zhihu,黑灯瞎火又能做什么正经事??,1,train
H234,zhihu,就是尼玛的瞎好，一群gay不挑人,1,train
H235,zhihu,只能说国女被宠坏了,1,train
H236,zhihu,哈哈，金庸的文字真是绝了。媚外女还不如丽春院的,1,train
H237,zhihu,广西人有东南亚爪哇矮黑人特征，扁鼻子大鼻孔凸嘴+个子矮小，反正不喜欢东南亚人,1,val
H238,zhihu,你可能看不到黑人对你女友玩得有多花,1,train
H239,zhihu,谁家街留子要这玩意，要了马上就降两档次,1,train
H240,zhihu,作为新时代独立女性为了争取权利，那为什么不告诉现男友?怕国人不要你?别怕啊嫁去巴基斯坦啊,1,train
H241,zhihu,我相信答主代表了大部分人的想法，就是反感还不让说了？天天要求别人认同你的病态本身就是一种病态，你先去问问你父母接不接受再来回答,1,train
H242,zhihu,不要太想当然了，各大平台炫耀黑人伴侣的，99以上是女的，80以上赖在娘家。,1,train
H243,zhihu,男性骑洋马：她熊大，她腿长，她屁股翘，她长得漂亮女性挨洋(黑)枪：他是布尔人??,1,train
H244,zhihu,上海人不就那样吗？,1,train
H245,zhihu,韩国是正面刚 给母狗刚到废,1,train
H246,zhihu,好多买媳妇都是东南亚和朝鲜的吧，最起码不是黑人,1,val
H247,zhihu,能出国的确实这样，知乎说的属于国内城乡结合部三本大学生,1,train
H248,zhihu,黑东北的广东第一名,1,train
H249,zhihu,我觉得一定是安徽人装上海人的原因??,1,val
H250,zhihu,"“男人可以媚黑女人不行的问题，那你怎么说服她们,她们看了不管心里怎么想黑人肯定跟你刚,你可以换位思考下”我就是你说的这种心态，我讨厌双标男胜于讨厌黑人，毕竟黑人这种生物不接触就可以避免了，但这种双标男知乎到处都是，不停的给人洗脑男女有别",0,train
H251,zhihu,你这话说白了不还是把女性当做物品吗？双标就是双标，为双标找理由总会有的。嫁给黑人男性的女性都受到什么侮辱我是看在眼里，什么对不起列祖列宗，污染华夏血统啊，中国要黑化啊。。。结果到男性这边就是情有可原？恕我直言，中国姑娘都嫁给中国男人也还是有光棍，这是重男轻女的孽可不能女人来背,0,val
H252,zhihu,这么优秀的黑人找个这么丑陋的国女 不信 感觉严重造谣,0,train
H253,zhihu,跪族篮孩居然歧视黑人，好奇怪的现象。,0,train
H254,zhihu,没强求接受，但至少不要歧视,0,train
H255,zhihu,我说了不是钓鱼！,0,train
H256,zhihu,跟那种人你说不明白的，抱抱你,0,train
H257,zhihu,我也同意这个观点,0,val
H258,zhihu,给中国女孩按eg的是那些外国人????怎么又是我们背锅了????太牛了,0,train
H259,zhihu,虽然黑人唱Rap比国内的rapper们正宗些，但本身这种音乐形式就偏小众，不存在什么特殊的享受吧,0,train
H260,zhihu,安徽人路过，感谢江苏兄弟为老家打CALL,0,train
H261,zhihu,最后两个的顺序可以斟酌的。,0,train
H262,zhihu,学好马克思主义回去建设你的祖国！,0,train
H263,zhihu,反向操作去喜欢中国的地方留学不就行了,0,train
H264,zhihu,哎不对啊，明明是你总刷到这类，要喜欢也是你喜欢吧。我都没刷到过这类内容我何来喜欢之说?,0,train
H265,zhihu,河南老乡前来报道,0,val
H266,zhihu,我接触的河南老哥虽然有时候拎不清，但是实在是真实在，不好吹牛真是非常优良的品质,0,train
H267,zhihu,也可以说，大多数中国人祖先都是古河南人。,0,train
H268,zhihu,河南是中原，华夏之源，我觉得挺好一地方，郑州洪水里人也很热情善良，为什么被黑啊??,0,train
H269,zhihu,你说得国是指大宋吗？??就是被金干得皇上都没了的那个,0,val
H270,zhihu,属实是叠buff了,0,train
H271,zhihu,我是韩国人，请问这是真的吗??我很震惊,0,train
H272,zhihu,??这是客观的态度,0,train
H273,zhihu,你是汉族吗,0,train
H274,zhihu,我觉得南京环境方面是不行，我在南京念书，家在常州这边，灰挺多的,0,train
H275,zhihu,台湾这两年人均gdp暴增。。。。,0,train
H276,zhihu,俺也一样??,0,train
H277,zhihu,原来大国气度是接盘??,0,train
H278,zhihu,任何话都有一定道理的??????,0,train
H279,zhihu,??共产主义社会（Communist Society）是指在高度发达的社会生产力和广大共识范围，人们科学文化水平和思想觉悟，道德水平极大提高的基础上，实行各尽所能、按需分配原则的劳动者有序自由联合的社会经济形态。在那里，每个人的自由发展是一切人的自由发展的条件。,0,val
H280,zhihu,看了好几个，这是唯一一个比较中肯的，都什么年代了，人只要能承受后果，自己做选择，想找谁找谁,0,train
H281,zhihu,我没有老攻??????,0,train
H282,zhihu,最后两句话含义深重,0,val
H283,zhihu,来自东北的西安慢摇??????,0,train
H284,zhihu,前面还很同情你 看到高考加分我绷不住了??,0,train
H285,zhihu,我是青海的，确实很少被黑。不过，我想说，青岛那个海叫黄海。,0,train
H286,zhihu,广西风景棒??,0,train
H287,zhihu,瓜尔佳氏文鸳,0,train
H288,zhihu,你们高兴就好.,0,train
H289,zhihu,带上我，老铁,0,train
H290,zhihu,唉，不得不说彼此都任重道远啊,0,val
H291,zhihu,还有好多东北人说《南方周末》是江浙的。东方卫视是广州的。实在是无力解释。[摊手],0,train
H292,zhihu,_x005f_xDD14__x005f_xD83E_为什么我这里显示12个评论，点开却就5个？？,0,train
H293,zhihu,你哪来的结论，我实际考察了四川各大高校根本不是。,0,val
H294,zhihu,是都有很多中国女友????,0,train
H295,zhihu,你说的这个微博上曝光过……,0,val
H296,zhihu,三民主义就有民族主义。,0,val
H297,zhihu,的确，这个才是重点,0,train
H298,zhihu,明 治 维 新,0,train
H299,zhihu,不好意思 我家庭完整 且很幸福,0,train
H300,wb,票价还包含了高铁列车更换成本，小仙女下次坐车时，可以把车厢砸了,1,train
H301,wb,和街边的中专妹一样，不过换了身衣服上台唱了点自己改编的自我感觉很好的糖比歌。能改出这种歌的家里得请高人了,1,train
H302,wb,希望你以后身上流血也没人管哦bro,1,train
H303,wb,李荣浩自己发文承认的呀，原来初二学生的发文连自己的粉丝都不愿意看，哈哈哈哈哈,1,train
H304,wb,你觉得你有我富吗 笑死我辣哈哈哈哈哈哈哈这么低脂的发言居然2026还能听到,1,train
H305,wb,所以你就是奇葩的小仙女一类,1,train
H306,wb,这个人说不过我就开始捂嘴哈哈哈哈哈某贷款天后粉丝画像极其精准,1,train
H307,wb,这句我爆笑真的哈哈哈哈哈哈哈难怪是初中就辍学的人实在太中二了，正好他是初二就不上了吧哈哈哈哈哈哈哈哈小说看多了，是不是要叫他一声师尊，荣浩上仙才行啊？逗死我了哈哈哈哈哈哈哈,1,train
H308,wb,不愧是粉丝自封的新生代天后啊，演唱会门票价格快赶上陈奕迅了。这么厉害的歌手，一定有很多脍炙人口的歌吧,1,train
H309,wb,这精神状态绝对跟华晨宇是天生一对，月老都拆不上他们,1,train
H310,wb,哈哈我从来不买火车上的东西，不提供你以为，为难到我了嘛！还是难道你这个不能自理的巨婴…哈哈哈哈哈,1,train
H311,wb,笑吐了，送进去哈哈哈哈，先回去上学吧,1,train
H312,wb,笑死我了，评论区粉丝说，全是原唱，就是没原创哈哈哈哈哈哈哈哈哈哈哈哈哈哈,1,train
H313,wb,终于可以说单依纯唱的李白是一坨了，还有之前唱的那个，不知道是一群什么成分的东西搁哪里维护,1,val
H314,wb,我一直觉得她唱歌??还是可以的，声音好听，没想到她舞台表演业务能力连三岁儿童都比她协调她的动作?上唱的这首歌，我滴乖乖，简直辣眼睛??,1,train
H315,wb,好一波热搜啊明眼人一看就懂呵呵,1,train
H316,wb,纯妹妹的水军发力了,1,train
H317,wb,bro又下半身代替大脑思考，小脑顶替大脑了,1,train
H318,wb,合着没解约又好上了呀没问题的时候，妹妹是大女主是总策划是独立了，有问题的时候，都是公司的问题，是白木的问题，妹妹什么都不知道搞半天原来都是挂名，都是人设,1,train
H319,wb,你不是说单是特别好的宝宝吗 左右脑互搏吗姐妹,1,train
H320,wb,难不成她就是李健眼中的清纯小女生？李健老花了……,1,train
H321,wb,我发现wb的250也很多耶,1,train
H322,wb,笑了这也能洗 她是当天决定要唱李白的是吧 整个公司没一个人有点版权意识 点进去看还真是个粉丝 好笑,1,val
H323,wb,退粉丝相应的门票费啊 她什么损失都没有 脸皮厚就硬赚一波 粉丝好的安慰她别哭呢 哈哈哈 笑死,1,train
H324,wb,给自己取的主页简介还挺到位的啊疯??,1,train
H325,wb,那慕容复属于本色出演了,1,train
H326,wb,是真的哈哈哈哈哈哈哈头一天粉丝还发帖吹总监制，现在出事了就是挂名,1,train
H327,wb,有点像乡村里的跳大神，哈哈哈,1,train
H328,wb,哈哈哈，原来他粉丝养出来蛊啊，难怪这么疯,1,train
H329,wb,对啊，原唱版本超好听，这歌也有快30年了，原唱很有节奏感，很轻快的歌曲，被她妖魔化了,1,val
H330,wb,我打个游戏想做一下游戏任务都偶尔会刚开局就发现任务道具忘带了，被迫打完再开一把，不像姐姐这么聪明，一定是一辈子都不会犯错不会忘事的圣人吧哇塞，这么完美的圣人生活在我身边呢，我太荣幸了捏??,1,train
H331,wb,听说话得70了吧，老头了还不消停，可真恶心,1,train
H332,wb,垃圾！渣男！,1,train
H333,wb,你这种就是正宗垃圾瘪三,1,train
H334,wb,太假了怎么可能不知道，真的是恶心的一批,1,val
H335,wb,你们女权主义也很离谱的一件事，喜欢攻击别人的妈妈，好像一个女性只要生育，只要生育一个被批判的人，那这个女性就有罪，说实话，你们眼里到底什么是女性，就跟白种人眼里白人才算人一样，你们眼里的女性只有高收入高智商刷小红书才是女性是吗??,1,train
H336,wb,最恶心说我都知道错了还要怎样？说什么杀人不过头点地,1,val
H337,wb,素质真低,1,train
H338,wb,单被骂那是活该，李被骂是无妄之灾，是单的粉丝太恶心,1,val
H339,wb,你也够恶心,1,val
H340,wb,不是我地域攻击，但是某个区域的人，真的是大多数都是垃圾，他们做的事实在是让人不齿,1,train
H341,wb,面相就让人恶心,1,train
H342,wb,素质好低啊啊,1,train
H343,wb,翻唱的让人恶心,1,val
H344,wb,别跟他讲道理，脑子瓦特了，你给他讲东，他非得朝西，纯纯搞你心态，就这么恶心人吗单依纯的粉丝，为了维护自己主子，开始了，果然有其主必有其仆,1,train
H345,wb,活该小偷就该人人喊打，不偷东西没人骂她,1,val
H346,wb,双标这一块，等下就有人来骂你了，卖女贼，bro 你 一点都不尊重女性，bro 你怎么敢假定一个人的性别啊？搞女性歧视的坏 bro，来不来月经啊你？谁教你喊女性 bro 的,1,train
H347,wb,这话她说的就能体现她素质不咋地 她又不用屁眼子唱歌 还夹着屁股唱 真恶心,1,val
H348,wb,那有点恶心了 凭啥小羊高人一等 赔不起就不赔了啊,1,train
H349,wb,还要配备byt，各种型号花色都要有，方便哪个bro痒了套上踩几脚解解痒,1,train
H350,wb,列车员不来月经吗？负责收拾的发不了声的清洁阿姨不来月经吗？舆情闹成这样，又有一个清洁女工要失业了，你们怎么不心疼啊？怎么这么双标啊,0,train
H351,wb,你没听过他几年前在粉群里骂大粉的录音吗，也很炸裂，还被粉丝告了，法院还判他赔偿和道歉。,0,train
H352,wb,那就说明有些铁路老爷们落后呀，为什么别的地方能卖他不能卖。这能说明你说的不赚钱？你说有地方卖了，不好卖，又不卖了，是哪里，你说出来，这才能说明不赚钱。你说得出来吗？一天天就会放屁。还有，你看不懂反讽是因为你制杖呀，如果有女人卖得贵才是真的在抱怨，有一个吗？你找出来呀？,0,val
H353,wb,有好多营销号水军带节奏，估计是得罪人了，趁这个机会把事情搞大。版权问题很正常，赔偿就好了，全网网暴也是太恐怖了。,0,train
H354,wb,本来就是，她又不是靠给人写歌出来的的！李本来之前就是写歌的！后面才慢慢开始唱，再到后面上歌手火的！那英，蔡依林，张惠妹她们的歌你能说出几首她们自己写的！真的对年轻女歌手太mean了！这是恶心的饭圈,0,train
H355,wb,“需要我说说吗？你承受的住吗？”这句话才是恐怖??,0,val
H356,wb,不是哒 这是慕容复！！ 神仙姐姐王语嫣的表哥！！,0,val
H357,wb,可是我有跟我偶像合影也，在澳大利亚的演唱会呢，你要看合影吗？嘻嘻，我可以私信你哦！,0,train
H358,wb,好一个经典的才几岁！！！真的厉害了,0,val
H359,wb,@元气恢复中677 老师。这个人是郑州的，她要收票,0,val
H360,wb,这是他魔改后的，原本范晓萱不是这样唱的，很有灵气,0,train
H361,wb,天龙八部的时候我一直get不到这种颜 还是觉得林志颖更好看 和刘亦菲也更配,0,train
H362,wb,纯妹妹，哈哈哈。,0,train
H363,wb,滤镜破碎。。。。看天龙八部可喜欢他了觉得好帅。。。,0,train
H364,wb,塑料纸垫一下哈哈 哈哈哈 哈哈哈哈 哈哈哈哈哈 你给了我这一天的笑点,0,train
H365,wb,哈哈哈原唱是李健嘛？,0,train
H366,wb,哈哈哈哈哈哈求求了谁来找个法师超度一下吧,0,train
H367,wb,多新鲜，让他也复活来维权吧哈哈哈哈哈哈哈,0,train
H368,wb,那确实没你主子心平气和哈哈哈哈哈哈哈 查看2张图片,0,train
H369,wb,哈哈，同名同姓,0,train
H370,wb,甜甜哒小雯姑娘,0,train
H371,wb,哈哈哈哈哈 那我也想要,0,train
H372,wb,这是艺术，哈哈哈哈哈,0,train
H373,wb,华晨宇好像给那个电影里唱的片尾曲还挺好听的，整体啥样不清楚,0,train
H374,wb,算了吧 华晨宇至少是真有天赋 自己写歌 早期歌真的挺好听 再怎么也属于她前辈 她还配不上相提并论吧,0,train
H375,wb,四面台顶级舞美音响 还是这么厉害的歌手 超级值呀 还有低价票档完全全覆盖,0,train
H376,wb,图 5 仿佛看到了老了的那个谁（最近老上热搜那个）,0,val
H377,wb,真的呀那谢谢你还特意了解咯,0,val
H378,wb,送进去哈哈哈哈哈哈哈哈哈哈哈哈哈哈哈哈,0,val
H379,wb,小魔女范晓萱的歌啊～～～～,0,train
H380,wb,那很肥美了朋友,0,train
H381,wb,1580郑州原价票，就在你评论底下啊,0,train
H382,wb,bro看来是很爱红爷了,0,train
H383,wb,哈哈哈哈哈闻闻你的张 bro 吧，凉透透了呜呜呜,0,train
H384,wb,是的，原唱范晓萱,0,train
H385,wb,哈哈哈哈哈 就是的 你的评论我喜欢你的私信记得关,0,train
H386,wb,要2000还是要500哈哈哈哈哈,0,train
H387,wb,哈哈哈哈哈哈哈草,0,train
H388,wb,尼的??跟名字绝配配～,0,train
H389,wb,图她想唱这首火的歌啊 她自己没几首啊 只能唱翻唱啊 她跟公司一头的 你别傻了,0,train
H390,wb,他确实眉眼很好看,0,train
H391,wb,我看的林俊杰 周兴哲 邓紫棋的全都是拿身份证进的 只有23年看薛之谦那时候还会邮寄门票是我收的,0,train
H392,wb,哈哈哈哈哈,0,train
H393,wb,以前还觉得他挺好的，必竟当初拒绝刘亦菲,0,train
H394,wb,哈哈哈哈哈哈,0,val
H395,wb,这个数据可以看到吗？如果能看到，就应该知道到底卖的多不多了吧，这还是上海，消费力比较高的地方,0,train
H396,wb,我很喜欢表哥的戏，别塌房了啊,0,val
H397,wb,不是之前小杨哥家先爆出来的，现在雨姐查出，小杨哥没事了,0,train
H398,wb,辛巴他妈也卖过同款,0,train
H399,wb,哈哈哈～太形象了,0,train
